"Start";"End";"Label"
0.000000;0.639000;"C"
0.639000;0.975238;"N"
0.975238;1.648617;"Dm"
1.648617;2.031746;"N"
2.031746;2.728345;"Em"
2.728345;3.076644;"N"
3.076644;3.738413;"F"
3.738413;4.063492;"N"
4.063492;4.736871;"G"
4.736871;5.178050;"N"
5.178050;6.408707;"Am"