"Start";"End";"Label"
0.000000;1.126168;"C"
1.126168;2.310385;"Em"
2.310385;3.517823;"Am"
3.517823;4.771701;"Bm"