"Start";"End";"Label"
0.000000;0.639000;"C"
0.639000;1.648617;"Dm"
1.648617;2.728345;"Em"
2.728345;3.738413;"F"
3.738413;4.736871;"G"
4.736871;6.408707;"Am"