"Start";"End";"Label"
0.000000;1.068118;"C"
1.068118;2.113016;"Dm"
2.113016;3.181134;"Em"
3.181134;4.133152;"F"
4.133152;5.143220;"G"
5.143220;6.710567;"Am"