"Start";"End";"Label"
0.000000;2.398731;"D#m"
2.398731;4.797462;"C#"
4.797462;7.196193;"A#m"
7.196193;9.607100;"B"
9.607100;11.993655;"D#m"
11.993655;14.404562;"C#"
14.404562;15.049909;"A#m"
