"Start";"End";"Label"
0.000000;3.257036;"D"
3.257036;6.411890;"Am"
6.411890;9.566744;"G"
9.566744;12.798234;"A#"
12.798234;15.046229;"D"
