"Start";"End";"Label"
0.000000;1.195514;"Bbm"
1.195514;2.362010;"F"
2.362010;3.516899;"Bbm"
3.516899;4.015997;"F"
4.015997;4.706610;"N"
4.706610;5.890516;"Bbm"
5.890516;7.091833;"Gb"
7.091833;8.246723;"C7"
8.246723;9.395809;"F"
9.395809;11.908709;"Bbm"
11.908709;13.168060;"Gb"
13.168060;14.299736;"F"
14.299736;15.472036;"Ebm"
15.472036;16.684960;"Ebm/Db"
16.684960;17.886277;"C7"
17.886277;19.192056;"F"
