"Start";"End";"Label"
0.204958;0.915479;"N"
0.915479;2.336521;"Am"
2.336521;3.743899;"C"
3.743899;5.151277;"D"
5.151277;6.572319;"F"
6.572319;8.007025;"Am"
8.007025;9.428067;"E"
9.428067;10.821782;"Am"
10.821782;12.311143;"E"
12.311143;13.800504;"Am"
13.800504;15.030250;"C"
