"Start";"End";"Label"
0.000000;1.456311;"C"
1.456311;2.841000;"G"
2.841000;4.225689;"Am"
4.225689;5.693937;"F"
5.693937;7.114437;"C"
7.114437;8.534937;"G"
8.534937;9.955437;"Am"
9.955437;14.205000;"F"
14.205000;15.040583;"C"
