"Start";"End";"Label"
0.000000;0.686382;"N"
0.686382;2.863195;"Db"
2.863000;5.052264;"Ab"
5.052000;7.231528;"Bb:min"
7.232000;9.305375;"Gb"
