"Start";"End";"Label"
0.000000;1.529376;"A#m"
1.529376;3.178065;"G#"
3.178065;4.805061;"C#"
4.805061;6.410363;"F#"
6.410363;8.026513;"A#m"
8.026513;9.631815;"G#"
9.631815;11.139498;"C#"
11.139498;12.799034;"F#"
12.799034;14.404336;"A#m"
14.404336;15.033438;"G#"
