"Start";"End";"Label"
0.000000;1.345008;"Dm"
1.345008;2.728815;"G"
2.728815;5.444697;"C"
5.444697;6.789706;"Dm"
6.789706;8.160580;"G"
8.160580;10.902328;"C"
10.902328;12.376664;"Dm"
12.376664;13.618210;"G"
13.618210;14.924417;"C"
