"Start";"End";"Label"
0.000000;0.118296;"N"
0.118296;7.080861;"E"
7.080861;8.948247;"Am"
8.948247;10.443847;"D"
10.443847;11.246570;"G"
11.246570;12.125340;"Bm"
12.125340;13.781484;"Em"
13.781484;15.006688;"Am"
