"Start";"End";"Label"
0.000000;2.015160;"Bm"
2.015160;4.007930;"B"
4.007930;8.060641;"E"
8.060641;10.053411;"Em"
10.053411;14.106122;"F#"
14.106122;15.046531;"Bm"
