"Start";"End";"Label"
0.000000;0.459770;"N"
0.459770;3.740857;"Dm"
3.741000;6.994080;"A#"
6.994080;10.323931;"F"
10.323931;13.570187;"F"
13.570187;15.047029;"Dm"
