"Start";"End";"Label"
0.000000;1.647693;"D"
1.647693;3.295387;"Dm"
3.295387;5.766926;"C"
5.766926;6.590773;"G"
6.590773;8.213874;"Am"
8.213874;9.873863;"C"
9.873863;13.169250;"Dm"
13.169250;15.025979;"G"
