"Start";"End";"Label"
0.000000;0.409027;"N"
0.409027;2.307447;"C"
2.307000;4.214758;"F"
4.214758;6.246556;"G"
6.247000;8.162760;"F"
8.162760;10.216787;"C"
10.216787;12.306383;"F"
12.306383;14.333735;"G"
14.333735;15.027302;"Em"
