"Start";"End";"Label"
0.000000;1.253548;"Bbm"
1.253548;2.356206;"F"
2.356206;3.534310;"Bbm"
3.534310;4.114656;"F"
4.114656;4.648575;"N"
4.648575;5.826678;"Bbm"
5.826678;7.022192;"Gb"
7.022192;8.194492;"C7"
8.194492;9.331971;"F"
9.331971;11.752015;"Bbm"
11.752015;12.924315;"Gb"
12.924315;14.096615;"F"
14.096615;15.292128;"Ebm"
15.292128;16.476035;"Ebm/Db"
16.476035;17.648335;"C7"
17.648335;18.826438;"F"
