"Start";"End";"Label"
0.000000;0.698496;"N"
0.698496;2.280384;"D"
2.280384;4.827840;"E"
4.827840;6.265920;"C#m"
6.265920;10.313088;"D"
10.313088;12.757824;"E"
12.757824;14.319168;"C#m"
14.319168;15.017667;"D"
