"Start";"End";"Label"
0.000000;0.966459;"N"
0.966459;2.709255;"D"
2.709255;4.610486;"Dm"
4.610486;6.495874;"Em"
6.495874;8.191138;"A"
8.191138;10.124057;"A#"
10.124057;12.056975;"F"
12.056975;14.370140;"C"
14.370140;15.051406;"G"
