"Start";"End";"Label"
0.000000;0.913749;"D#"
0.913749;4.931091;"G#"
4.931091;9.042960;"D#"
9.042960;10.949229;"A#"
10.949229;12.997286;"G#"
12.997286;15.013833;"D#"
