"Start";"End";"Label"
0.000000;2.559280;"N"
2.559000;3.797718;"F#:min"
3.797718;5.265702;"A"
5.265702;6.491468;"E"
6.491000;8.040190;"B:7"
8.040000;9.262421;"F#:min"
9.262421;10.496683;"A"
10.496683;12.008104;"E"
