"Start";"End";"Label"
0.000000;2.604035;"F"
2.604035;5.633396;"Dm"
5.633396;8.593315;"A#"
8.593315;11.561915;"A"
11.561915;13.697224;"D"
13.697224;15.007922;"Dm"
