"Start";"End";"Label"
0.000000;1.518483;"E"
1.518483;2.891359;"F#"
2.891359;4.597053;"G#"
4.597053;5.855522;"C#"
5.855522;7.217997;"F#"
7.217997;8.840486;"B"
8.840486;9.578926;"E"
9.578926;10.338168;"C#"
10.338168;11.180614;"F#"
11.180614;11.617438;"B"
11.617438;13.083919;"E"
13.083919;14.300786;"F#"
14.300786;15.008025;"G#"
