"Start";"End";"Label"
0.000000;7.666611;"G"
7.666611;8.929347;"B"
8.929347;15.002506;"Em"
