"Start";"End";"Label"
0.000000;1.639378;"D"
1.639378;3.870754;"D#m"
3.870754;5.248287;"Em"
5.248287;7.707355;"Fm"
7.707355;8.857197;"D"
8.857197;10.633190;"F#"
10.633190;14.230714;"G"
14.230714;15.004865;"C#m"
