"Start";"End";"Label"
0.000000;2.032251;"Fm"
2.032251;3.981819;"C#"
3.981819;6.070641;"A#"
6.071000;8.111595;"D#"
8.111595;12.167393;"Fm"
12.167393;14.186589;"C#"
14.186589;15.004711;"A#"
