"Start";"End";"Label"
0.000000;1.038460;"F"
1.038000;1.816097;"A#"
1.816097;3.448653;"F"
3.448653;4.081389;"A#"
4.081000;4.907327;"Bm"
4.907327;6.723424;"F"
6.723424;7.525212;"A#"
7.525212;8.133798;"Bm"
8.133798;9.119127;"F"
9.119127;9.544171;"D"
9.544171;10.737193;"Gm"
10.737000;11.167067;"C"
11.167067;12.355258;"Cm"
12.355258;13.137726;"F"
13.137726;13.997474;"A#"
13.997474;14.625380;"Bm"
14.625380;15.011784;"F"