"Start";"End";"Label"
0.000000;5.412867;"G#m7"
5.412867;10.626243;"C#7"
10.626243;14.882061;"F#7"
