"Start";"End";"Label"
0.000000;1.639378;"D7M"
1.639378;3.870754;"D#°7"
3.870754;5.248287;"Em7"
5.248287;7.707355;"F°7"
7.707355;8.857197;"Bm7"
8.857197;10.633190;"F#7"
10.633190;14.230714;"G7M"
14.230714;15.004865;"C#ø"
