"Start";"End";"Label"
0.000000;0.795251;"G"
0.795251;1.641808;"G7M"
1.642000;2.522787;"C"
2.522787;3.780370;"D7"
3.780370;4.847410;"G7"
4.847410;5.662934;"Dm"
5.662934;6.287914;"E7"
6.287914;8.071395;"Am7"
8.071395;8.909784;"F#ø"
8.909784;9.664334;"B7"
9.664334;10.563696;"Em"
10.563696;11.173433;"G7"
11.173433;12.065174;"C"
12.065174;13.139835;"D7"
13.139835;13.665734;"G"
13.665734;14.405040;"Em"
14.405040;15.007155;"A7"
