"Start";"End";"Label"
0.000000;1.038460;"F"
1.038000;1.816097;"A#"
1.816097;2.634548;"F"
2.634548;3.447152;"F7"
3.447000;4.081389;"A#"
4.081000;4.907327;"B°7"
4.907327;6.723424;"F"
6.723424;7.525212;"A#"
7.525212;8.133798;"Bø"
8.133798;9.119127;"F"
9.119127;9.544171;"D7"
9.544171;10.737193;"Gm7"
10.737000;11.167067;"C7"
11.167067;12.355258;"Cm7"
12.355258;13.137726;"F7"
13.137726;13.997474;"A#"
13.997474;14.625380;"B°7"
14.625380;15.011784;"F"
