"Start";"End";"Label"
0.000000;2.604035;"F7M"
2.604035;5.633396;"Dm7"
5.633396;8.593315;"A#7"
8.593315;11.561915;"A7M"
11.561915;13.697224;"D7M"
13.697224;15.007922;"Dm"
