"Start";"End";"Label"
0.000000;1.518483;"E"
1.518483;2.891359;"F#m7"
2.891359;4.597053;"G#7"
4.597053;5.855522;"C#7"
5.855522;7.217997;"F#m7"
7.217997;8.840486;"B7"
8.840486;9.578926;"E"
9.578926;10.338168;"C#7"
10.338168;11.180614;"F#m7"
11.180614;11.617438;"B7"
11.617438;13.083919;"E"
13.083919;14.300786;"F#m7"
14.300786;15.008025;"G#"
